store_code,name,county,city,address,zip,latitude,longitude
OSM-n462043825,Fine Wine & Good Spirits,Montgomery,,1 Station Circle,,40.0050944,-75.2617083
OSM-n596257468,Fine Wine & Good Spirits,Philadelphia,Philadelphia,Germantown Avenue,19119,40.0600864,-75.1911432
FWGS-4629,Fine Wine & Good Spirits — Fairway Shopping Center,Montgomery,Dresher,1825 Limekiln Pike,19025,40.1306159,-75.1666404
FWGS-1514,Fine Wine & Good Spirits — Gateway,Chester,Wayne,161 East Swedesford Road,19087,40.0732372,-75.4337949
FWGS-2206,Fine Wine & Good Spirits — Mid-Town Plaza,Dauphin,Middletown,430 East Main Street,17057,40.2004374,-76.7234905
FWGS-4813,Fine Wine & Good Spirits,Northampton,Bethlehem,30 East 4th Street,18015,40.6103563,-75.3773174
FWGS-0266,Fine Wine & Good Spirits Premium Collection,Allegheny,Sewickley,521 Beaver Street,15143,40.5398449,-80.1795091
FWGS-2211,Fine Wine & Good Spirits,Dauphin,Hummelstown,1158 Mae Street,17036,40.2695064,-76.6859047
FWGS-0247,Fine Wine & Good Spirits,Allegheny,Pittsburgh,5956 Centre Avenue,15206,40.4590876,-79.9264796
FWGS-6312,Fine Wine & Good Spirits,Washington,Fredericktown,524 Front Street,15333,40.0010334,-79.9975784
FWGS-802,Fine Wine & Good Spirits,Bradford,Towanda,85 Reuter Boulevard,18848,41.7825589,-76.4509353
FWGS-0260,Fine Wine & Good Spirits,Allegheny,Pittsburgh,1955 Wharton Street,15203,40.4315885,-79.978208
FWGS-4623,Fine Wine & Good Spirits,Montgomery,Flourtown,1440 Bethlehem Pike,19031,40.10373,-75.2122589
FWGS-0205,Fine Wine & Good Spirits,Allegheny,McKeesport,149 5th Avenue,15132,40.3509039,-79.8668933
FWGS-4001,Wine & Spirits — Wilkes-Barre Township Marketplace,Luzerne,Wilkes-Barre,2136 Wilkes-Barre Boulevard,18702,41.2388173,-75.8567488
FWGS-4640,Fine Wine & Good Spirits — Cheltenham Plaza,Montgomery,Wyncote,8156 Ogontz Avenue,19095,40.076396,-75.159645
FWGS-4646,Fine Wine & Good Spirits — Ardmore Plaza,Montgomery,Ardmore,62 Greenfield Avenue,19003,40.0085427,-75.2978968
FWGS-4611,Fine Wine & Good Spirits — Park Towne Plaza Shopping Center,Montgomery,Royersford,301 North Lewis Road,19468,40.1926861,-75.5344483
FWGS-410,Fine Wine & Good Spirits,Beaver,Aliquippa,2719 Brodhead Road,15001,40.6088645,-80.2837376
FWGS-5408,Fine Wine & Good Spirits — Sharp Plaza,Schuylkill,Pottsville,888 Gordon Nagle Trail,17901,40.6713315,-76.2349602
FWGS-6714,Fine Wine & Good Spirits — Shrewsbury Commons Shopping Center,York,Shrewsbury,802 Shrewsbury Commons Avenue,17361,39.7668084,-76.6693975
FWGS-2219,Fine Wine & Good Spirits,Dauphin,Harrisburg,333 Market Street,17101,40.2614065,-76.8800253
FWGS-9118,Fine Wine & Good Spirits — Ivyridge,Philadelphia,Philadelphia,7146 Ridge Avenue,19128,40.0441219,-75.2323803
FWGS-0604,Fine Wine & Good Spirits,Berks,,4721 Perkiomen Avenue,,40.3072592,-75.8568057
FWGS-3620,Fine Wine & Good Spirits — Main Street Center,Lancaster,Mount Joy,763 East Main Street,17552,40.1102349,-76.4862009
FWGS-3611,Wine & Spirits Shoppe,Lancaster,Elizabethtown,1575 South Market Street,17022,40.1394365,-76.5863888
FWGS-4613,Fine Wine & Good Spirits — Noble Town Center,Montgomery,Jenkintown,935 Old York Road,19046,40.1084027,-75.1217071
FWGS-2215,Wine & Spirits,Dauphin,Harrisburg,4227 Union Deposit Road,17111,40.2764432,-76.8165204
FWGS-3617,Wine & Spirits — Wheatland Center,Lancaster,Lancaster,1761 Columbia Avenue,17603,40.038519,-76.3523629
FWGS-6705,Fine Wine & Good Spirits — Queensgate Towne Center,York,York,2075 Springwood Road,17403,39.9402416,-76.6942112
OSM-n2613720867,Fine Wine & Good Spirits,Philadelphia,Philadelphia,180 West Girard Avenue,19123,39.9692043,-75.1388106
FWGS-4904,Fine Wine & Good Spirits,Northumberland,Milton,551 Mahoning Street,17847,41.0121791,-76.844759
FWGS-2102,Fine Wine & Good Spirits — West Shore Plaza,Cumberland,Lemoyne,1200 Market Street,17043,40.2408192,-76.9084714
FWGS-6510,Fine Wine & Good Spirits — Hillcrest Shopping Center,Westmoreland,Lower Burrell,3220 Leechburg Road,15068,40.5828476,-79.7098832
FWGS-0224,Fine Wine & Good Spirits,Allegheny,Pittsburgh,1824 Murray Avenue,15217,40.4361515,-79.9230594
FWGS-4003,Fine Wine & Good Spirits,Luzerne,Dallas,2161 Memorial Highway,18612,41.3276386,-75.9463029
FWGS-4023,Wine and Spirits Shoppe — Insalaco Shopping Center,Luzerne,West Pittston,801 Wyoming Avenue,18643,41.3252785,-75.806889
FWGS-4034,Wine & Spirits — Midway Shopping Center,Luzerne,Wyoming,1008 Wyoming Avenue,18644,41.3004016,-75.8533515
FWGS-4036,Fine Wine & Good Spirits — West Side Mall,Luzerne,Edwardsville,160 West Side Mall,18704,41.2576189,-75.9012161
FWGS-707,Fine Wine & Good Spirits,Blair,Altoona,613 Pleasant Valley Boulevard,16602,40.5110095,-78.3802379
FWGS-0296,Fine Wine & Good Spirits,Allegheny,Bethel Park,5249 Library Road,15102,40.3324558,-80.0220517
FWGS-5905,Wine and Spirits,Tioga,Mansfield,187 North Main Street,16933,41.8117627,-77.0808992
FWGS-2201,Fine Wine & Good Spirits — Kline Plaza,Dauphin,Harrisburg,29 Kline Village,17104,40.2712537,-76.8423574
FWGS-2515,Fine Wine & Good Spirits — Perry Plaza,Erie,Erie,2208 Broad Street,16503,42.1257864,-80.0452156
FWGS-9208,Fine Wine & Good Spirits,Allegheny,Wexford,125 Towne Centre Boulevard,15090,40.6322687,-80.0567037
FWGS-0234,Fine Wine & Good Spirits,Allegheny,Pittsburgh,1012 West View Park Drive,15229,40.5160425,-80.037839
FWGS-3601,Fine Wine & Good Spirits,Lancaster,New Holland,681 West Main Street,17557,40.0963135,-76.1107562
FWGS-4807,Fine Wine & Good Spirits,Northampton,Hellertown,1848 Leithsville Road,18055,40.5636403,-75.3402811
FWGS-9203,Fine Wine & Good Spirits,Allegheny,Leetsdale,3 Quaker Village Shopping Center,15056,40.559543,-80.2030603
FWGS-4804,Fine Wine & Good Spirits — Stefko Center,Northampton,Bethlehem,1844 Stefko Boulevard,18017,40.6382907,-75.3473271
OSM-n3583877310,Fine Wine & Good Spirits,Northampton,Easton,111 Northampton Street,18042-3633,40.691533,-75.2055564
FWGS-0286,Fine Wine & Good Spirits,Allegheny,Pittsburgh,1130 Perry Highway,15237,40.5481489,-80.0356503
FWGS-0292,Fine Wine & Good Spirits,Allegheny,Pittsburgh,4801 McKnight Road,15237,40.5238385,-80.0071608
FWGS-9213,Fine Wine & Good Spirits,Allegheny,Pittsburgh,2356 Golden Mile Highway,15239,40.4619749,-79.7047249
FWGS-0273,Fine Wine & Good Spirits,Allegheny,Pittsburgh,3202 Brighton Road,15212,40.4756459,-80.0305875
FWGS-4635,Fine Wine & Good Spirits — Regency Square,Montgomery,Willow Grove,1029 North Easton Road,19090,40.155849,-75.1205382
OSM-n3786849937,Fine Wine & Good Spirits,Dauphin,Harrisburg,1200 North 3rd Street,17102,40.2687912,-76.8884426
FWGS-0270,Fine Wine & Good Spirits,Allegheny,Pittsburgh,3643 California Avenue,15212,40.4814588,-80.0417776
FWGS-278,Fine Wine & Good Spirits,Allegheny,Pittsburgh,4065 Butler Street,15201,40.4695102,-79.9614619
FWGS-5156,Fine Wine & Good Spirits,Philadelphia,Philadelphia,4233 Chestnut Street,19104,39.9564972,-75.208126
FWGS-927,Fine Wine & Good Spirits — Plumstead Square,Bucks,Plumsteadville,5837 Easton Road,18949,40.3868761,-75.1449303
FWGS-303,Fine Wine & Good Spirits,Armstrong,Leechburg,163 3rd Street,15656,40.6283458,-79.6073848
FWGS-0267,Fine Wine & Good Spirits,Allegheny,Coraopolis,5990 University Boulevard,15108,40.5204893,-80.219463
FWGS-9206,Fine Wine & Good Spirits,Allegheny,McKees Rocks,510 Pine Hollow Road,15136,40.4746162,-80.0980601
FWGS-6306,Wine & Spirits,Washington,Monongahela,243 West Main Street,15063,40.2024768,-79.9250725
FWGS-6524,Fine Wine & Good Spirits,Westmoreland,Belle Vernon,321 Tri-County Lane,15012,40.1379266,-79.8413427
FWGS-3608,Fine Wine & Good Spirits — Manor,Lancaster,Lancaster,1234 Millersville Pike,17603,40.0270948,-76.3237081
FWGS-2801,Wine & Spirits — Wayne Plaza,Franklin,Chambersburg,987 Wayne Avenue,17201,39.9161112,-77.6522028
FWGS-6304,Wine & Spirits,Washington,Charleroi,105 3rd Street,15022,40.1364956,-79.8950643
FWGS-0265,Fine Wine & Good Spirits,Allegheny,Russellton,908 Little Deer Creek Valley Road,15076,40.6080532,-79.8323354
FWGS-1527,Fine Wine & Good Spirits — Devon Village,Chester,Wayne,821 West Lancaster Avenue,19087,40.0489115,-75.411731
FWGS-935,Fine Wine & Good Spirits — Warwick Square,Bucks,Jamison,2395 York Road,18929,40.2589341,-75.0845887
FWGS-0284,Fine Wine & Good Spirits,Allegheny,Pittsburgh,10 Old Clairton Road,15236,40.3397293,-79.9657689
FWGS-6511,Fine Wine & Good Spirits — Willowbrook Plaza,Westmoreland,Belle Vernon,4627 Route 51,15012,40.1855947,-79.8097676
FWGS-0245,Fine Wine & Good Spirits,Allegheny,Homestead,330 Waterfront Drive East,15120,40.4097669,-79.9114595
FWGS-0282,Fine Wine & Good Spirits,Allegheny,McKeesport,2001 Lincoln Way,15131,40.3362199,-79.8048763
FWGS-0227,Fine Wine & Good Spirits,Allegheny,Monroeville,3845 Northern Pike,15146,40.4386017,-79.7779043
FWGS-0285,Fine Wine & Good Spirits,Allegheny,Allison Park,4706 William Flinn Highway,15101,40.5936484,-79.9465951
FWGS-0206,Fine Wine & Good Spirits,Allegheny,McKees Rocks,136 Mckees Rocks Plaza,15136,40.4651272,-80.0567967
FWGS-933,Fine Wine & Good Spirits — Buckingham Green Shopping Village,Bucks,Holicong,4950 York Road,18928,40.3309549,-75.0536915
FWGS-4632,Fine Wine & Good Spirits — Gwynedd Crossing,Montgomery,North Wales,1210 Bethlehem Pike,19454,40.2087445,-75.2272084
FWGS-4632,Fine Wine & Good Spirits — Gwynedd Crossing,Montgomery,North Wales,1210 Bethlehem Pike,19454,40.2095161,-75.2265082
FWGS-939,Fine Wine & Good Spirits,Bucks,Warrington,306 Easton Road,18976,40.2213642,-75.1405638
FWGS-0263,Fine Wine & Good Spirits,Allegheny,Pittsburgh,418 East Ohio Street,15212,40.4535275,-80.0009731
FWGS-2115,Fine Wine & Good Spirits — Capital City Mall,Cumberland,Camp Hill,3725 Capital City Mall Drive,17011,40.2215793,-76.9342779
FWGS-4902,Fine Wine & Good Spirits — The Plaza At Coal Township,Northumberland,Coal Township,9345 PA 61,17866,40.7906022,-76.505402
FWGS-4806,Fine Wine & Good Spirits,Northampton,Nazareth,34 South Broad Street,18064,40.7415376,-75.3097635
FWGS-2210,Fine Wine & Good Spirits,Dauphin,Harrisburg,5070 Jonestown Road,17112,40.3101559,-76.8053379
FWGS-3625,Fine Wine & Good Spirits — Centerville Square,Lancaster,Lancaster,558 Centerville Road,17601,40.054915,-76.4002347
FWGS-1412,Fine Wine & Good Spirits — Southridge Plaza,Centre,State College,127 Southridge Plaza,16801,40.7839744,-77.8310133
FWGS-5104,Fine Wine & Good Spirits — Columbus Commons,Philadelphia,Philadelphia,1940 South Christopher Columbus Boulevard,19148,39.9220308,-75.1441205
FWGS-0223,Fine Wine & Good Spirits,Allegheny,Pittsburgh,129 Lincoln Avenue,15209,40.4786391,-79.9698921
FWGS-4502,Fine Wine & Good Spirits — Pocono Village Mall,Monroe,Mount Pocono,3430 PA 940,18344,41.1247528,-75.3574979
FWGS-3627,Fine Wine & Good Spirits — Shoppes at Belmont,Lancaster,Lancaster,1565 Fruitville Pike,17601,40.0660694,-76.3140502
FWGS-3302,Wines & Spirits — Punxy Plaza,Jefferson,Punxsutawney,567 West Mahoning Street,15767,40.9414393,-78.9832719
FWGS-3918,Fine Wine & Good Spirits — The Promenade Shops at Saucon Valley,Lehigh,Center Valley,3060 Center Valley Parkway,18034,40.5580923,-75.412348
FWGS-934,Fine Wine & Good Spirits — The Shoppes at Veterans Lane,Bucks,Doylestown,132 Veterans Lane,18901,40.3189361,-75.13269
FWGS-5195,Fine Wine & Good Spirits,Philadelphia,Philadelphia,7702 City Avenue,19151,39.9773283,-75.2732405
FWGS-5406,Fine Wine & Good Spirits,Schuylkill,Mahanoy City,7 South Main Street,17948,40.8124823,-76.1414488
FWGS-5402,Fine Wine & Good Spirits,Schuylkill,Shenandoah,9 Gold Star Plaza,17976,40.8059989,-76.2062702
FWGS-6501,Wine & Spirits,Westmoreland,Greensburg,105 Harrison Avenue,15601,40.3034991,-79.5463589
OSM-n5762174152,Fine Wines & Spirits,Armstrong,,,,40.8135344,-79.5495932
FWGS-4901,Fine Wine & Good Spirits,Northumberland,Mount Carmel,136 South Oak Street,17851,40.7950655,-76.4128655
FWGS-910,Fine Wine & Good Spirits — Hilltown Plaza,Bucks,Souderton,766 Route 113,18964,40.3200763,-75.307466
FWGS-901,Fine Wine & Good Spirits — Hilltown Crossings,Bucks,Hatfield,1547 Bethlehem Pike,19440,40.2910144,-75.2667382
FWGS-3924,Fine Wine & Good Spirits — Hamilton Crossings,Lehigh,Allentown,750 North Krocks Road,18106,40.5639993,-75.5670186
FWGS-5412,Wine & Spirits,Schuylkill,Schuylkill Haven,515 Dock Street,17972,40.6367355,-76.1760056
FWGS-1304,Wine & Spirits,Carbon,Lehighton,143 South Street,18235,40.8338213,-75.7101077
FWGS-4511,Fine Wine & Good Spirits,Monroe,Brodheadsville,107 Kinsley Drive,18322,40.9191143,-75.422094
FWGS-4819,Fine Wine & Good Spirits — Madison Farms Retail Center,Northampton,Easton,4817 Freemansburg Avenue,18045,40.6501063,-75.2971575
FWGS-4007,Fine Wine & Good Spirits,Luzerne,Nanticoke,13 Weis Plaza,18634,41.2070184,-76.0038132
FWGS-3916,Fine Wine & Good Spirits — The Shoppes At Trexler,Lehigh,Trexlertown,6900 Hamilton Boulevard,18087,40.5504289,-75.5927245
FWGS-4002,Wine & Spirits,Luzerne,Wilkes-Barre,7 George Avenue,18705,41.2593948,-75.8500719
FWGS-3922,Fine Wine & Good Spirits,Lehigh,Bethlehem,2154 West Union Boulevard,18018,40.6279463,-75.4188197
FWGS-0212,Fine Wine & Good Spirits,Allegheny,Pittsburgh,959 Liberty Avenue,15222,40.4435985,-79.9959204
FWGS-6704,Fine Wine & Good Spirits — East Manchester Village Center,York,Manchester,205 Glen Drive,17345,40.0424672,-76.7264345
FWGS-4306,Fine Wine & Good Spirits — Hermitage Towne Plaza,Mercer,Hermitage,2321 East State Street,16148,41.2349189,-80.4666966
FWGS-4639,Fine Wine & Good Spirits — Gilbertsville Shopping Center,Montgomery,Gilbertsville,1050 East Philadelphia Avenue,19525,40.3241683,-75.6204349
FWGS-1523,Fine Wine & Good Spirits — Shoppes At Dilworthtown Crossing,Chester,West Chester,1363 Dilworthtown Road,19382,39.9041664,-75.5629831
FWGS-1530,Fine Wine & Good Spirits — Bradford Plaza,Chester,West Chester,692 Downingtown Pike,19380,39.9602977,-75.6217757
FWGS-1512,Fine Wine & Good Spirits — Lincoln Court,Chester,Malvern,215 Lancaster Avenue,19355,40.042175,-75.5414101
FWGS-4501,Fine Wine & Good Spirits — Pocono Plaza,Monroe,East Stroudsburg,310 Lincoln Avenue,18301,40.9919219,-75.1819905
FWGS-6518,Fine Wine & Good Spirits — Norwin Hills,Westmoreland,Irwin,8775 Norwin Avenue,15642,40.3168853,-79.6944447
FWGS-4503,Fine Wine & Good Spirits,Monroe,Cresco,1152 PA 390,18326,41.1811004,-75.2679559
FWGS-1518,Fine Wine & Good Spirits — Marketplace at Westtown,Chester,West Chester,1502 West Chester Pike,19382,39.9656794,-75.5279241
FWGS-2334,Fine Wine & Good Spirits — Brandywine Mills,Delaware,Glen Mills,1751 Wilmington Pike,19342,39.8747178,-75.5439047
FWGS-1516,Wine & Spirits — West Goshen Shopping Center,Chester,West Chester,933 Paoli Pike,19380,39.9707509,-75.587416
FWGS-4507,Fine Wine & Good Spirits,Monroe,Blakeslee,248 PA 940,18610,41.0902387,-75.5932038
FWGS-930,Fine Wine & Good Spirits — Doylestown Pointe Plaza,Bucks,Warrington,1661 Easton Road,18976,40.2680695,-75.1287723
FWGS-5116,Fine Wine & Good Spirits — One & Olney,Philadelphia,Philadelphia,101 East Olney Avenue,19120,40.0392371,-75.1184007
FWGS-3619,Fine Wine & Good Spirits — Kendig Square,Lancaster,Willow Street,2600 Willow Street Pike North,17584,39.9826727,-76.2816198
FWGS-2333,Fine Wine & Good Spirits — Barclay Square,Delaware,Upper Darby,1500 Garrett Road,19082,39.9536842,-75.2742528
FWGS-4201,Fine Wine & Good Spirits,McKean,Bradford,38 Davis Street,16701,41.9576252,-78.6441597
FWGS-1101,Fine Wine & Good Spirits,Cambria,Johnstown,426 Main Street,15901,40.3254453,-78.9189242
FWGS-932,Fine Wine & Good Spirits — Valley Square,Bucks,Warrington,1115 North Main Street,18976,40.2292006,-75.1309164
FWGS-4652,Fine Wine & Good Spirits — Upland Square,Montgomery,Pottstown,260 Upland Square Drive,19464,40.2670241,-75.653524
FWGS-1901,Fine Wine & Good Spirits — Briar Creek Plaza,Columbia,Berwick,35 Briar Creek Plaza,18603,41.0491107,-76.2745633
FWGS-5701,Fine Wine & Good Spirits,Sullivan,Dushore,121 West Main Street,18614,41.524335,-76.4018548
FWGS-2332,Wine & Spirits — Lawrence Park,Delaware,Broomall,1991 Sproul Road,19008,39.9621252,-75.3544624
FWGS-608,Fine Wine & Good Spirits — Spring Towne Center,Berks,Sinking Spring,2671 Shillington Road,19608,40.3166259,-76.0009262
FWGS-0218,Fine Wine & Good Spirits,Allegheny,,2947 West Liberty Avenue,15216,40.3939336,-80.0352039
FWGS-621,Fine Wine & Good Spirits,Berks,Wyomissing,1101 Woodland Road,19610-1214,40.3421507,-75.9733916
FWGS-5173,Fine Wine & Good Spirits — Woodland Village Plaza,Philadelphia,Philadelphia,6036 Woodland Avenue,19142,39.9292161,-75.2281989
FWGS-3626,Fine Wine & Good Spirits,Lancaster,Lancaster,2350 Lincoln Highway East,17602,40.0229665,-76.2077704
FWGS-3622,Fine Wine & Good Spirits — Shoppes At Kissel Village,Lancaster,Lititz,1036 Lititz Pike,17543,40.1300683,-76.3078435
FWGS-3604,Fine Wine & Good Spirits,Lancaster,Ephrata,31 West Main Street,17522,40.1795651,-76.1782599
FWGS-1508,Wine & Spirits — West Sadsbury Commons,Chester,Parkesburg,324 Commons Drive,19365,39.9797104,-75.9360703
FWGS-9205,Fine Wine & Good Spirits,Allegheny,Pittsburgh,1602 Cochran Road,15220,40.3914476,-80.0594859
FWGS-2516,Fine Wine & Good Spirits — The Liberty Center,Erie,Erie,3702 Liberty Street,16508,42.0963482,-80.0855074
FWGS-0298,Fine Wine & Good Spirits,Allegheny,Bridgeville,1025 Washington Pike,15017,40.367602,-80.1088314
FWGS-4656,Fine Wine & Good Spirits — Pennsburg Shopping Center,Montgomery,Pennsburg,456 Pottstown Avenue,18073,40.3930186,-75.4997585
FWGS-5160,Fine Wine & Good Spirits — Hendrix Center,Philadelphia,Philadelphia,11685 Bustleton Avenue,19116,40.1183785,-75.0176649
FWGS-904,Fine Wine & Good Spirits — Perkasie Square,Bucks,Perkasie,511 Constitution Avenue,18944,40.3640572,-75.2972136
FWGS-2519,Fine Wine & Good Spirits — Giant Eagle Plaza,Erie,Erie,4058 Buffalo Road,16510,42.1429201,-80.0064364
FWGS-2513,Fine Wine & Good Spirits — East Erie Plaza,Erie,Erie,828 East 6th Street,16507,42.1369318,-80.0670594
FWGS-2501,Fine Wine & Good Spirits — Summit Towne Center,Erie,Erie,7200 Peach Street,16509,42.0529847,-80.0915827
FWGS-2511,Fine Wine & Good Spirits,Erie,Erie,737 East 38th Street,16504,42.1079649,-80.049948
FWGS-2514,Fine Wine & Good Spirits — Yorktown Centre,Erie,Erie,2501 West 12th Street,16505,42.1027136,-80.1349172
FWGS-2518,Fine Wine & Good Spirits,Erie,Edinboro,140 Washington Towne Boulevard,16412,41.8776647,-80.172079
FWGS-2520,Fine Wine & Good Spirits — Giant Eagle Plaza,Erie,Girard,9135 West Ridge Road,16417,42.0085237,-80.3026934
FWGS-2503,Fine Wine & Good Spirits — Asbury Square,Erie,Erie,2421 Asbury Road,16506,42.0735066,-80.1815852
FWGS-6720,Fine Wine & Good Spirits,York,Dillsburg,406 US-15,17019,40.1176837,-77.0366288
FWGS-6317,Fine Wine & Good Spirits — Trinity Point,Washington,Washington,50 Trinity Point Drive,15301,40.1830673,-80.2199238
FWGS-0201,Fine Wine & Good Spirits,Allegheny,Bridgeville,3239 Washington Pike,15017,40.3410158,-80.1188707
FWGS-0210,Fine Wine & Good Spirits,Allegheny,South Park,2550 Brownsville Road,15129,40.2937384,-79.9965383
FWGS-5201,Fine Wine & Good Spirits,Pike,Milford,106 West Harford Street,18337,41.3224814,-74.8044917
FWGS-5202,Fine Wine & Good Spirits,Pike,Lords Valley,123 Village Center Drive,18428,41.3473502,-75.0426618
FWGS-6715,Fine Wine & Good Spirits — Newberry Pointe,York,Etters,180 Newberry Parkway,17319,40.1478597,-76.8119079
FWGS-0274,Fine Wine & Good Spirits,Allegheny,Pittsburgh,300 Mount Lebanon Boulevard,15234,40.36866,-80.0354112
FWGS-2502,Fine Wine & Good Spirits,Erie,Erie,105 West 18th Street,16501,42.1175038,-80.079394
FWGS-2006,Fine Wine & Good Spirits — Park Avenue Plaza,Crawford,Meadville,19017 Park Avenue Plaza,16335,41.6236296,-80.160884
FWGS-3901,Fine Wine & Good Spirits — Crest Plaza,Lehigh,Allentown,1516 North Cedar Crest Boulevard,18104,40.6119683,-75.5351784
FWGS-3904,Fine Wine & Good Spirits — South Mall,Lehigh,Allentown,3300 Lehigh Street,18103,40.5574806,-75.4910441
FWGS-3920,Fine Wine & Good Spirits — East Penn Plaza,Lehigh,Emmaus,1325 Chestnut Street,18049,40.5273906,-75.5103962
FWGS-5126,Fine Wine & Good Spirits — The Shops at Brewerytown,Philadelphia,Philadelphia,3101 West Girard Avenue,19130,39.9759635,-75.1871185
FWGS-0213,Fine Wine & Good Spirits,Allegheny,Pittsburgh,217 Atwood Street,15213,40.440747,-79.9570626
FWGS-1522,Fine Wine & Good Spirits — Suburbia Shopping Center,Chester,Pottstown,76 Glocker Way,19465,40.2085658,-75.6575339
FWGS-615,Fine Wine & Good Spirits — Douglassville Shopping Center,Berks,Douglassville,180 Old Swede Road,19518,40.2606388,-75.7264962
FWGS-6314,Fine Wine & Good Spirits,Washington,Washington,980 Jefferson Avenue,15301,40.1819199,-80.2637093
FWGS-4648,Fine Wine & Good Spirits,Montgomery,Collegeville,160 Market Street,19426-4930,40.1662058,-75.4801765
FWGS-2506,Fine Wine & Good Spirits,Erie,Corry,350 West Columbus Avenue,16407,41.9340378,-79.6539918
FWGS-0281,Fine Wine & Good Spirits,Allegheny,Glenshaw,1706 Mount Royal Boulevard,15116,40.5255165,-79.9619923
FWGS-216,Fine Wine & Good Spirits,Allegheny,Carnegie,102 East Main Street,15106,40.4073751,-80.0866018
FWGS-0235,Fine Wine & Good Spirits,Allegheny,Pittsburgh,2001 Smallman Street,15222,40.4519047,-79.9848104
FWGS-6201,Fine Wine & Good Spirits,Warren,Warren,44 Market Street,16365,41.8422945,-79.1434766
FWGS-0232,Fine Wine & Good Spirits,Allegheny,Pittsburgh,3080 McIntyre Square Drive,15237,40.5524528,-80.0158439
FWGS-0203,Fine Wine & Good Spirits,Allegheny,Pittsburgh,230 Yost Boulevard,15221,40.415254,-79.8547727
FWGS-0202,Fine Wine & Good Spirits,Allegheny,Verona,90 Allegheny River Boulevard,15147,40.497536,-79.845002
FWGS-0214,Fine Wine & Good Spirits,Allegheny,Pittsburgh,974 Freeport Road,15238,40.4885407,-79.8903923
FWGS-0219,Fine Wine & Good Spirits,Allegheny,West Mifflin,1326 Hoffman Boulevard,15122,40.3837216,-79.8688107
FWGS-0220,Fine Wine & Good Spirits,Allegheny,Oakmont,624 Allegheny River Boulevard,15139,40.519795,-79.8423626
FWGS-0226,Fine Wine & Good Spirits,Allegheny,Pittsburgh,132 Ben Avon Heights Road,15237,40.5217417,-80.0694998
FWGS-0228,Fine Wine & Good Spirits,Allegheny,Pittsburgh,1749 South Braddock Avenue,15218,40.427193,-79.8863143
FWGS-0231,Fine Wine & Good Spirits,Allegheny,Pittsburgh,1106 Park Manor Boulevard,15205,40.4528331,-80.1625335
FWGS-0242,Fine Wine & Good Spirits,Allegheny,Monroeville,4524 Broadway Boulevard,15146,40.39017,-79.7671558
FWGS-0244,Fine Wine & Good Spirits,Allegheny,Glassport,739 Monongahela Avenue,15045,40.3228703,-79.8920969
FWGS-0249,Fine Wine & Good Spirits,Allegheny,Pittsburgh,519 Towne Square Way,15227,40.3662756,-79.9819653
FWGS-0250,Fine Wine & Good Spirits,Allegheny,Natrona Heights,56 Highlands Mall,15065,40.6455032,-79.7123773
FWGS-0252,Fine Wine & Good Spirits,Allegheny,Pittsburgh,4643 Centre Avenue,15213,40.4525194,-79.950317
FWGS-0261,Fine Wine & Good Spirits,Allegheny,Pittsburgh,2629 Brownsville Road,15227,40.3848745,-79.9778918
FWGS-0271,Fine Wine & Good Spirits,Allegheny,Munhall,3408 Main Street,15120,40.3862607,-79.9029615
FWGS-0279,Fine Wine & Good Spirits,Allegheny,Pittsburgh,722 Brookline Boulevard,15226,40.3942395,-80.0209896
FWGS-0272,Fine Wine & Good Spirits,Allegheny,Pittsburgh,233 Shiloh Street,15211,40.4297021,-80.0072196
FWGS-0280,Fine Wine & Good Spirits,Allegheny,Pittsburgh,2800 Robinson Boulevard,15235,40.4605948,-79.8656784
FWGS-0288,Fine Wine & Good Spirits,Allegheny,Pittsburgh,5301 Grove Road,15236,40.3587349,-80.0028428
FWGS-0290,Fine Wine & Good Spirits,Allegheny,Pittsburgh,2350 Noblestown Road,15205,40.4275613,-80.0554864
FWGS-0294,Fine Wine & Good Spirits,Allegheny,McKeesport,4313 Walnut Street,15132,40.3225688,-79.8332267
FWGS-0295,Fine Wine & Good Spirits,Allegheny,North Versailles,355 Lincoln Highway,15137,40.3850119,-79.8208775
FWGS-0297,Fine Wine & Good Spirits,Allegheny,West Mifflin,1874 Homeville Road,15122,40.3652261,-79.8729338
FWGS-0299,Fine Wine & Good Spirits,Allegheny,Pittsburgh,11685 Penn Hills Drive,15235,40.465137,-79.8263633
FWGS-9210,Fine Wine & Good Spirits,Allegheny,Verona,1103 Milltown Road,15147,40.4981054,-79.7902474
FWGS-9211,Fine Wine & Good Spirits,Allegheny,Bethel Park,5000 Oxford Drive,15102,40.3471093,-80.0528022
FWGS-9212,Fine Wine & Good Spirits,Allegheny,Imperial,440 Penn Lincoln Drve,15126,40.4424447,-80.2361297
FWGS-0237,Fine Wine & Good Spirits,Allegheny,Pittsburgh,339 Fifth Avenue,15222,40.4404115,-79.9992279
FWGS-1506,Fine Wine & Good Spirits — Ashbridge Square,Chester,Downingtown,861 East Lancaster Avenue,19335,40.017088,-75.6863969
FWGS-3926,Fine Wine & Good Spirits — Airport Plaza,Lehigh,Allentown,934 Airport Road,18109,40.6390577,-75.4365166
OSM-n8942397708,Fine Wine & Good Spirits — #3525,Lackawanna,Carbondale,63 South Main Street,18407,41.5700807,-75.5020564
FWGS-4641,Fine Wine & Good Spirits — The Shoppes at Upper Providence,Montgomery,Royersford,1839 East Ridge Pike,19468,40.2145321,-75.4965241
FWGS-4624,Fine Wine & Good Spirits,Montgomery,King of Prussia,125 West Dekalb Pike,19406,40.0933575,-75.3639347
OSM-n9251390015,Fine Wine & Good Spirits,Bucks,,,,40.1022663,-74.8711409
FWGS-4605,Fine Wine & Good Spirits — Melrose Shopping Center,Montgomery,Cheltenham,103 West Cheltenham Avenue,19012,40.0519406,-75.1187964
FWGS-942,Fine Wine & Good Spirits — Levittown Town Center,Bucks,Levittown,179 Levittown Parkway,19055,40.1413993,-74.8213948
FWGS-4622,Fine Wine & Good Spirits,Montgomery,Rockledge,404 Huntingdon Pike,19046,40.0812679,-75.0909839
FWGS-6716,Fine Wine & Good Spirits — West Manchester Town Center,York,York,880 Town Center Drive,17408,39.9695418,-76.7727425
FWGS-3919,Fine Wine & Good Spirits — Towne Center,Lehigh,Allentown,4777 Tilghman Street,18104,40.5903708,-75.5621101
FWGS-938,Fine Wine & Good Spirits — Center Point Place,Bucks,Warminster,748 West Street Road,18974,40.2060153,-75.1024252
FWGS-4308,Fine Wine & Good Spirits — Pine Grove Square,Mercer,Grove City,41 Pine Grove Square,16127,41.1672117,-80.1130038
FWGS-946,Fine Wine & Good Spirits — Marketplace at Neshaminy,Bucks,Bensalem,680 Rockhill Drive,19020,40.1368024,-74.9614612
FWGS-0405,Fine Wine & Good Spirits,Beaver,Midland,508 Midland Avenue,15059,40.6392591,-80.4565348
FWGS-2343,Fine Wine & Good Spirits,Delaware,Wayne,127 West Lancaster Avenue,19087,40.0444471,-75.3891215
FWGS-5404,Fine Wine & Good Spirits,Schuylkill,Ashland,630 Centre Street,17921,40.782462,-76.3408588
FWGS-503,Fine Wine & Good Spirits — Heritage Square,Bedford,Bedford,9613 Lincoln Highway,15522,40.0205472,-78.4630415
FWGS-607,Fine Wine & Good Spirits,Berks,Hamburg,1772 Tilden Ridge Drive,19526,40.5622126,-76.0109452
FWGS-5002,Wine & Spirits,Perry,Duncannon,53 South Main Street,17020,40.3877372,-77.0322542
FWGS-0264,Fine Wine & Good Spirits,Allegheny,Pittsburgh,880 Butler Street,15223,40.5115085,-79.9445808
FWGS-4110,Fine Wine & Good Spirits — Loyal Plaza,Lycoming,Williamsport,1939 East 3rd Street,17701,41.2496321,-76.9614191
FWGS-1501,Fine Wine & Good Spirits — Main Street in Exton,Chester,Exton,132 Woodcutter Street,19341,40.0224198,-75.6303958
FWGS-1510,Fine Wine & Good Spirits — Barley Station,Chester,Coatesville,2715 East Lincoln Highway,19320,39.992103,-75.7718675
FWGS-4815,Fine Wine & Good Spirits — Forks Town Center,Northampton,Easton,341 Town Center Boulevard,18040,40.7124837,-75.2225703
FWGS-2208,Fine Wine & Good Spirits — Uptown Plaza,Dauphin,Harrisburg,2943 North 7th Street,17110,40.2931831,-76.8919434
FWGS-2317,Fine Wine & Good Spirits,Delaware,Ridley Park,12 East Hinckley Avenue,19078,39.87919,-75.3228333
FWGS-412,Fine Wine & Good Spirits — Northern Lights Shopping Center,Beaver,Baden,1603 West State Street,15005,40.6581539,-80.235869
OSM-n10691408297,Fine Wine & Good Spirits,Lancaster,Manheim,97 Doe Run Road,17545,40.172142,-76.3850865
FWGS-1521,Wines & Spirits,Chester,,1239 Horseshoe Pike,,40.0371321,-75.7680054
FWGS-5170,Fine Wine & Good Spirits — The Granary,Philadelphia,Philadelphia,411 North 20th Street,19130,39.9613135,-75.171326
FWGS-2331,Fine Wine & Good Spirits — Pilgrims Garden,Delaware,Drexel Hill,5035 Township Line Road,19026,39.953746,-75.323549
FWGS-5190,Fine Wine & Good Spirits,Philadelphia,Philadelphia,7161 Ogontz Avenue,19138,40.0636851,-75.1524608
OSM-n11080940683,Fine Wine & Good Spirits — The Marketplace,Montgomery,Huntingdon Valley,2080 County Line Road,19006,40.1690279,-75.0722816
FWGS-5111,Fine Wine & Good Spirits,Philadelphia,Philadelphia,3720 Main Street,19127,40.0157019,-75.2113981
FWGS-1702,Fine Wine & Good Spirits,Clearfield,DuBois,5720 Shaffer Road,15801,41.1239688,-78.7271026
FWGS-4308,Fine Wine & Good Spirits — Pine Grove Square,Mercer,Grove City,41 Pine Grove Square,16127,41.1675513,-80.1129522
FWGS-4701,Fine Wine & Good Spirits,Montour,Danville,144 Continental Boulevard,17821,40.9667151,-76.6153944
FWGS-6101,Fine Wine & Good Spirits,Venango,Oil City,50 Seneca Street,16301,41.4335246,-79.7086449
FWGS-2341,Fine Wine & Good Spirits,Delaware,Newtown Square,3735 West Chester Pike,19073,39.9871704,-75.4032606
OSM-n11268219577,Fine Wine & Good Spirits,Bucks,,,,40.1703147,-75.0460655
FWGS-1528,Fine Wine & Good Spirits — Paoli Shopping Center,Chester,Paoli,17 Leopard Road,19301,40.0406515,-75.4779814
FWGS-1525,Fine Wine & Good Spirits,Chester,Exton,162 Eagleview Boulevard,19341,40.0501554,-75.6643819
OSM-n11472933879,Fine Wine & Good Spirits,Jefferson,,,,41.2492023,-78.7986326
OSM-n11498201260,Fine Wine & Good Spirits,Lackawanna,,,,41.46582,-75.638714
OSM-n11697307059,Fine Wine & Good Spirits,Clearfield,,,,41.0233989,-78.4127107
OSM-n11708907120,Fine Wine & Good Spirits,Venango,,,,41.350778,-79.7172395
OSM-n11820457509,Fine Wine & Good Spirits,Northampton,Bethlehem,3926 Nazareth Pike,18020,40.6731623,-75.3416224
OSM-n11865704756,Fine Wine & Good Spirits,Northampton,Wind Gap,813 Male Road,18091,40.8399319,-75.3003331
OSM-n11893016959,Fine Wine & Good Spirits,Lehigh,Fogelsville,7801 Glenlivet Drive West,18051,40.590838,-75.6314239
OSM-n11893018709,Fine Wine & Good Spirits,Lehigh,Schnecksville,5041 PA 873,18078,40.6777368,-75.6129163
OSM-n11975636643,Fine Wine & Good Spirits,Lehigh,Bethlehem,2289 Schoenersville Road,18017,40.6407983,-75.4020157
OSM-n12030067106,Fine Wine & Good Spirits,Northampton,Easton,3718 Nazareth Road,18045,40.7169799,-75.2842474
OSM-n12066543665,Fine Wine And Good Sprits,Butler,,,,40.8747846,-79.9510771
OSM-n12091871439,Fine Wines And Good Spirits,Lawrence,,,,41.056829,-80.3561274
OSM-n12103406906,Fine Wine & Good Spirits,Huntingdon,,,,40.4790517,-78.0106082
OSM-n12118407496,Fine Wines and Good Spirits,Mercer,,,,41.4148243,-80.3545637
OSM-n12147568350,Fine Wine & Good Spirits,Philadelphia,,3903 Aramingo Avenue,19137,39.9977899,-75.0872375
OSM-n12176721056,Fine Wine & Good Spirits,Blair,Tyrone,1260 Pennsylvania Avenue,16686,40.673643,-78.2364852
FWGS-1533,Fine Wine & Good Spirits — Phoenixville Plaza,Chester,Phoenixville,700 Nutt Road,19460,40.1330621,-75.533037
FWGS-6709,Fine Wine & Good Spirits,York,York,351 Loucks Road,17404,39.9853365,-76.7398608
OSM-n12544315508,Fine Wine & Good Spirits,Westmoreland,,,,40.4277873,-79.7016713
OSM-n12581672240,Fine Wine & Good Spirits — 5163,Philadelphia,Philadelphia,3007 Grays Ferry Avenue,19146,39.9401767,-75.1926869
OSM-n12777628072,Fine Wine & Good Spirits,Berks,Temple,4110 North 5th Street Highway,19560,40.395673,-75.9288943
FWGS-4035,PA Fine Wine & Good Spirits,Luzerne,Mountain Top,223 South Mountain Boulevard,18707,41.1469637,-75.9000632
OSM-n13019394371,Fine Wine & Good Spirits,Lehigh,Allentown,333 South Cedar Crest Boulevard,18103,40.5831715,-75.5213045
OSM-n13059828076,Fine Wine & Good Spirits,Lehigh,Allentown,1620 South 4th Street,18103,40.584378,-75.4608697
OSM-n13098884464,Fine Wine & Good Sprits,Washington,,,,40.3661559,-80.3898141
FWGS-3610,Fine Wine & Good Spirits — Muddy Creek Shoppes,Lancaster,Denver,2350 North Reading Road,17517,40.2283556,-76.0894646
FWGS-1405,Fine Wine & Good Spirits,Centre,State College,1536 North Atherton Street,16803,40.8066135,-77.8916164
OSM-n13305696622,Fine Wine & Good Spirits,York,,,,39.8230999,-76.9788576
OSM-n13357644325,Fine Wine & Good Spirits,Centre,State College,323 Benner Pike,16801-7304,40.8310689,-77.8088207
OSM-n13388684989,Fine Wine & Good Spirits — Ralph's Corner,Montgomery,Lansdale,2333 Welsh Road,19446,40.2627389,-75.3170827
OSM-n13450619105,Fine Wine & Good Spirits — Ludwig's Village,Chester,Glenmoore,2910 Conestoga Road,19343,40.1152035,-75.694846
OSM-n13613073014,Fine Wine & Good Spirits,Berks,Sinking Spring,4880 Penn Avenue,19608,40.3254116,-76.0511569
FWGS-3621,Fine Wine & Good Spirits — Shoppes at Landis Valley,Lancaster,Lancaster,2347 Oregon Pike,17601,40.0888008,-76.2804419
FWGS-2341,Fine Wine & Good Spirits,Delaware,Newtown Square,3735 West Chester Pike,19073,39.9763159,-75.4392433
OSM-n13719522164,Fine Wine & Good Spirits,Philadelphia,Philadelphia,3151 Market Street,19104-3083,39.9560783,-75.1865009
FWGS-2302,Fine Wine & Good Spirits,Delaware,Upper Darby,128 South 69th Street,19082,39.9578688,-75.2583196
FWGS-4654,Fine Wine & Good Spirits,Montgomery,Norristown,15 West Germantown Pike,19401,40.1437375,-75.3126483
OSM-n13784855827,Fine Wine & Good Spirits,Lebanon,Cleona,475 West Penn Avenue,17042,40.3373999,-76.4852272
FWGS-4813,Fine Wine & Good Spirits,Northampton,Bethlehem,30 East 4th Street,18015,40.6102795,-75.3773069
FWGS-3615,Wine & Spirits,Lancaster,Lancaster,1622 Lincoln Highway East,17602,40.0370695,-76.270302
OSM-w263741557,Fine Wine & Good Spirits,Berks,Wyomissing,2721 North Meridian Boulevard,19610,40.35583,-75.9815843
FWGS-4006,Fine Wine & Good Spirits — Luzerne Shopping Center,Luzerne,Luzerne,472 Union Street,18709,41.2813167,-75.8962578
FWGS-0236,Fine Wine & Good Spirits,Allegheny,Elizabeth,820 McKeesport Road,15037,40.2798172,-79.8749695
FWGS-2002,Fine Wine & Good Spirits,Crawford,Titusville,126 South Martin Street,16354,41.6256179,-79.6702787
FWGS-3522,Fine Wine & Good Spirits,Lackawanna,Scranton,210 Meadow Avenue,18505,41.3957044,-75.6519668
OSM-w430326362,Fine Wine & Good Spirits,Franklin,,,,39.7995064,-77.7270421
FWGS-0217,Fine Wine & Good Spirits,Allegheny,Coraopolis,1110 4th Avenue,15108,40.5173843,-80.1616667
FWGS-2806,Fine Wine & Good Spirits,Franklin,Waynesboro,642 East Main Street,17268,39.7496533,-77.5684213
FWGS-4020,Wine & Spirits Shoppe — White Haven Shopping Center,Luzerne,White Haven,501 Main Street,18661,41.0599811,-75.7723314
OSM-w505420938,Fine Wine & Good Spirits — Macarthur Towne Centre,Lehigh,Whitehall,2560 MacArthur Road,18052,40.6443021,-75.4952861
FWGS-3801,Fine Wine & Good Spirits,Lebanon,Lebanon,102 North 8th Avenue,17046,40.3439112,-76.3970536
FWGS-3206,Fine Wine & Good Spirits — Town Fair Plaza,Indiana,Indiana,475 Ben Franklin Road South,15701,40.6129251,-79.1876611
FWGS-616,Fine Wine & Good Spirits,Berks,Birdsboro,200 West 1st Street,19508,40.2623632,-75.8085225
FWGS-4506,Fine Wine & Good Spirits,Monroe,Stroudsburg,1060 North 9th Street,18360,40.9903752,-75.218327
FWGS-4626,Fine Wine & Good Spirits,Montgomery,Norristown,2501 Main Street,19403,40.1407506,-75.3869714
FWGS-4510,Fine Wine & Good Spirits,Monroe,East Stroudsburg,232 Fox Run Lane,18302,41.0620304,-75.0715675
OSM-w609624691,Fine Wine & Good Spirits,Montgomery,Horsham,200 Blair Mill Road,19044,40.1827347,-75.1170761
FWGS-1531,Fine Wine & Good Spirits — London Grove Village,Chester,Avondale,775 Gap Newport Pike,19311,39.8356314,-75.7970554
FWGS-617,Fine Wine & Good Spirits,Berks,Womelsdorf,430 North 3rd Street,19567,40.371553,-76.1895927
FWGS-1509,Fine Wine & Good Spirits — Shoppes At Jenner's Village,Chester,West Grove,853 West Baltimore Pike,19390,39.8221764,-75.8716276
FWGS-3203,Fine Wine & Good Spirits,Indiana,Clymer,560 Franklin Street,15728,40.6689417,-79.011348
FWGS-1903,Fine Wine & Good Spirits — Scott Town Center,Columbia,Bloomsburg,1005 Scott Town Center,17815,41.0063009,-76.4370643
FWGS-4608,Fine Wine & Good Spirits,Montgomery,Bryn Mawr,922 West Lancaster Avenue,19010,40.0231646,-75.3223002
FWGS-4301,Fine Wine & Good Spirits,Mercer,Sharon,120 South Water Avenue,16146,41.2306632,-80.5123076
FWGS-5606,Fine Wine & Good Spirits,Somerset,Boswell,212 Ohio Street,15531,40.160722,-79.031687
FWGS-1201,Fine Wine & Good Spirits,Cameron,Emporium,54 East 4th Street,15834,41.5119319,-78.2358625
FWGS-5133,Fine Wine & Good Spirits — Philadelphia Mills,Philadelphia,Philadelphia,401 Franklin Mills Circle,19154,40.085487,-74.9649164
FWGS-6502,Wines & Spirits,Westmoreland,Latrobe,313 Depot Street,15650,40.317062,-79.384693
FWGS-4657,Fine Wine & Good Spirits — Metroplex,Montgomery,Plymouth Meeting,2426 Chemical Road,19462,40.1058051,-75.2933232
OSM-w895104125,Fine Wine & Good Spirits,Centre,Snow Shoe,114 West Olive Street,16874,41.0305942,-77.9493057
FWGS-1407,Fine Wine & Good Spirits,Centre,Bellefonte,178 Buckaroo Lane,16823,40.9130816,-77.7383057
OSM-w921552530,Fine Wine & Good Spirits,Clearfield,Houtzdale,821 Centennial Street,16651,40.8235863,-78.3540872
FWGS-2220,Fine Wine & Good Spirits — Blue Mountain Commons,Dauphin,Harrisburg,2310 Linglestown Road,17110,40.3314853,-76.8612908
FWGS-920,Fine Wine & Good Spirits — Quakertown Plaza,Bucks,Quakertown,1465 West Broad Street,18951,40.446218,-75.3568214
FWGS-2312,Fine Wine & Good Spirits,Delaware,Lansdowne,920 East Baltimore Avenue,19050,39.9406242,-75.257459
FWGS-101,Fine Wine & Good Spirits,Adams,Gettysburg,1275 York Road,17325,39.8421106,-77.2013677
FWGS-2320,Fine Wine & Good Spirits — Manoa Center,Delaware,Havertown,1305 West Chester Pike,19083,39.9742188,-75.3234397
FWGS-705,Fine Wine & Good Spirits,Blair,Altoona,220 East Chestnut Avenue,16601,40.527658,-78.3917173
FWGS-945,Fine Wine & Good Spirits — Addisville Commons,Bucks,Richboro,890 2nd Street Pike,18954,40.2113745,-75.0111739
FWGS-2001,Fine Wine & Good Spirits — Downtown Mall,Crawford,Meadville,900 Water Street,16335,41.6384278,-80.1559849
FWGS-4614,Fine Wine & Good Spirits,Montgomery,Bala Cynwyd,119 West City Avenue,19004,39.9984769,-75.2331301
FWGS-2204,Fine Wine & Good Spirits,Dauphin,Steelton,325 North Front Street,17113,40.2368221,-76.8449759
FWGS-2339,Fine Wine & Good Spirits — The Shoppes at Brookhaven,Delaware,Brookhaven,4934 Edgmont Avenue,19015,39.8762881,-75.3978468
OSM-w1218087149,Fine Wine & Good Spirits,York,York,9 West Market Street,17401,39.9624548,-76.7284303
OSM-w1368006942,Fine Wine & Good Spirits,Forest,,,,41.501868,-79.454709
OSM-w1370701700,Fine Wine & Good Spirits,Clinton,,,,41.3264437,-77.7519871
OSM-w1396486612,Fine Wine & Good Spirits,Allegheny,,,,40.6368478,-79.9421986
OSM-w1486209855,Fine Wine & Good Spirits,Washington,Canonsburg,43 East Pike Street,15317,40.2594043,-80.1855113
